<?xml version="1.0" encoding="UTF-8"?>
<!DOCTYPE hibernate-configuration PUBLIC
		"-//Hibernate/Hibernate Configuration DTD 3.0//EN"
		"http://www.hibernate.org/dtd/hibernate-configuration-3.0.dtd">
<hibernate-configuration>
    <session-factory> 
    <!-- url -->
    <property name="hibernate.connection.url">jdbc:mysql://localhost:3306/training</property>
    <!-- username -->
    <property name="hibernate.connection.username">root</property>
    <!-- Password -->
    <property name="hibernate.connection.password">Viyaan@11</property>

    <property name="hibernate.connection.driver_class">com.mysql.cj.jdbc.Driver</property>
    
    <property  name="hibernate.hbm2ddl.auto">create</property>
    <property name="hibernate.show.sql">true</property>
    </session-factory>
</hibernate-configuration>
